Workbook

Sheet Censo_2022
A2: CD_BAIRRO | B2: Cidade | C2: NM_BAIRRO | D2: V06001 | E2: V06002 | F2: V06003 | G2: V06004 | H2: V06005 | I2: V06006
A3: 3538709019 | B3: Piracicaba | C3: Unileste | D3: 51 | E3: 150 | F3: 2,02 | G3: 17049.62 | H3: 327054042,73 | I3: 12500
A4: 3538709042 | B4: Piracicaba | C4: Morato | D4: 1204 | E4: 3655 | F4: 1,25 | G4: 14384.62 | H4: 118397453,21 | I4: 11000
A5: 3538709020 | B5: Piracicaba | C5: Monte Alegre | D5: 280 | E5: 828 | F5: 1,70 | G5: 12007.46 | H5: 210454724,14 | I5: 4500
A6: 3538709056 | B6: Piracicaba | C6: Santa Rosa | D6: 2135 | E6: 6443 | F6: 1,66 | G6: 8287.93 | H6: 248560739,35 | I6: 3500
A7: 3538709003 | B7: Piracicaba | C7: Cidade Jardim | D7: 685 | E7: 1382 | F7: 1,28 | G7: 8248.31 | H7: 79144466,60 | I7: 5200
A8: 3538709045 | B8: Piracicaba | C8: Nova Piracicaba | D8: 2819 | E8: 7708 | F8: 1,31 | G8: 8008.18 | H8: 86569740,12 | I8: 5000
A9: 3538709001 | B9: Piracicaba | C9: Centro | D9: 5602 | E9: 12025 | F9: 1,32 | G9: 7281.06 | H9: 279269144,45 | I9: 4500
A10: 3538709006 | B10: Piracicaba | C10: Jardim Elite | D10: 2349 | E10: 5386 | F10: 1,17 | G10: 7081.17 | H10: 116955290,75 | I10: 5000
A11: 3538709013 | B11: Piracicaba | C11: São Dimas | D11: 1688 | E11: 3757 | F11: 1,27 | G11: 6809.11 | H11: 59512311,12 | I11: 4000
A12: 3538709012 | B12: Piracicaba | C12: São Judas | D12: 1458 | E12: 3275 | F12: 1,22 | G12: 6608.51 | H12: 63932986,56 | I12: 4000
A13: 3538709024 | B13: Piracicaba | C13: Taquaral | D13: 535 | E13: 1535 | F13: 1,04 | G13: 6546.64 | H13: 41598580,30 | I13: 4000
A14: 3538709016 | B14: Piracicaba | C14: Jardim Abaeté | D14: 689 | E14: 1699 | F14: 1,28 | G14: 6404.5 | H14: 961846916,41 | I14: 3900
... A69: 3538709069 | B69: Piracicaba | C69: Cidade Judiciária | D69: 13 | E69: 42 | F69: 1,86 | G69: 1670.5 | H69: 718115,73 | I69: 1200

Sheet Leg_2022
A1: V06001 | B1: Pessoas responsáveis em domicílios particulares permanentes ocupados
A2: V06002 | B2: Moradores em domicílios particulares permanentes ocupados
A3: V06003 | B3: Variância do número de moradores em domicílios particulares permanentes ocupados
A4: V06004 | B4: Valor do rendimento nominal médio mensal das pessoas responsáveis com rendimentos por domicílios particulares permanentes ocupados
A5: V06005 | B5: Variância do rendimento nominal mensal das pessoas responsáveis com rendimentos por domicílios particulares permanentes ocupados
A6: V06006 | B6: Valor do rendimento nominal mediano mensal das pessoas responsáveis com rendimentos por domicílios particulares permanentes ocupados

Sheet Censo_2010
F1: =SUBTOTAL(9,F3:F659) -> 1100066 | G1: =SUBTOTAL(9,G3:G659) -> 1100066 | H1: =SUBTOTAL(9,H3:H659) -> 0 | I1: =SUBTOTAL(9,I3:I659) -> 0 | J1: =SUBTOTAL(9,J3:J659) -> 0 | K1: =SUBTOTAL(9,K3:K659) -> 5 | L1: =SUBTOTAL(9,L3:L659) -> 14 | M1: =SUBTOTAL(9,M3:M659) -> 49 | ... R1: =SUBTOTAL(9,R3:R659) -> 2 | S1: =SUM(I1:R1) -> 193 | T1: =F1/S1 -> 5699.8238 | U1: =T1*1.859 -> 10595.973
A2: Cod_setor | B2: Cidade | C2: Bairro | D2: Situacao_setor | E2: V001 | F2: V002 | G2: V003 | H2: V004 | I2: V005 | J2: V006 | K2: V007 | L2: V008 | M2: V009 | N2: V010 | O2: V011 | P2: V012 | Q2: V013 | R2: V014 | S2: Total | T2: Média
A3: 353870905000497 | B3: PIRACICABA | C3: Morato | D3: 1 | E3: 0 | F3: 2865330 | G3: 2865330 | H3: 0 | I3: 0 | J3: 0 | K3: 4 | L3: 3 | M3: 11 | N3: 20 | O3: 57 | P3: 80 | Q3: 54 | R3: 1 | S3: =SUM(I3:R3) -> 230 | T3: =F3/S3 -> 12457.957
A4: 353870905000498 | B4: PIRACICABA | C4: Morato | D4: 1 | E4: 0 | F4: 5019994 | G4: 5019994 | H4: 0 | I4: 0 | J4: 0 | K4: 2 | L4: 10 | M4: 32 | N4: 38 | O4: 107 | P4: 162 | Q4: 62 | R4: 6 | S4: =SUM(I4:R4) -> 419 | T4: =F4/S4 -> 11980.893
A5: 353870905000015 | B5: PIRACICABA | C5: Cidade Alta | D5: 1 | E5: 0 | F5: 2214567 | G5: 2214567 | H5: 0 | I5: 0 | J5: 0 | K5: 2 | L5: 5 | M5: 15 | N5: 14 | O5: 34 | P5: 72 | Q5: 52 | R5: 0 | S5: =SUM(I5:R5) -> 194 | T5: =F5/S5 -> 11415.294
A6: 353870905000454 | B6: PIRACICABA | C6: Clube de Campo | D6: 1 | E6: 0 | F6: 540750 | G6: 540750 | H6: 0 | I6: 0 | J6: 0 | K6: 0 | L6: 1 | M6: 4 | N6: 9 | O6: 7 | P6: 18 | Q6: 15 | R6: 0 | S6: =SUM(I6:R6) -> 54 | T6: =F6/S6 -> 10013.889
A7: 353870905000005 | B7: PIRACICABA | C7: Centro | D7: 1 | E7: 0 | F7: 1581716 | G7: 1581716 | H7: 0 | I7: 0 | J7: 0 | K7: 2 | L7: 17 | M7: 32 | N7: 27 | O7: 40 | P7: 33 | Q7: 8 | R7: 2 | S7: =SUM(I7:R7) -> 161 | T7: =F7/S7 -> 9824.323
A8: 353870905000459 | B8: PIRACICABA | C8: Cidade Jardim | D8: 1 | E8: 0 | F8: 92640 | G8: 92640 | H8: 0 | I8: 0 | J8: 0 | K8: 0 | L8: 1 | M8: 1 | N8: 0 | O8: 3 | P8: 4 | Q8: 1 | R8: 0 | S8: =SUM(I8:R8) -> 10 | T8: =F8/S8 -> 9264
A9: 353870905000455 | B9: PIRACICABA | C9: Cidade Jardim | D9: 1 | E9: 0 | F9: 64245 | G9: 64245 | H9: 0 | I9: 0 | J9: 0 | K9: 0 | L9: 0 | M9: 0 | N9: 1 | O9: 1 | P9: 4 | Q9: 1 | R9: 0 | S9: =SUM(I9:R9) -> 7 | T9: =F9/S9 -> 9177.8571
A10: 353870905000144 | B10: PIRACICABA | C10: Jardim Elite | D10: 1 | E10: 0 | F10: 901044 | G10: 901044 | H10: 0 | I10: 0 | J10: 0 | K10: 0 | L10: 1 | M10: 12 | N10: 18 | O10: 21 | P10: 29 | Q10: 19 | R10: 0 | S10: =SUM(I10:R10) -> 100 | T10: =F10/S10 -> 9010.44
A11: 353870905000457 | B11: PIRACICABA | C11: Cidade Jardim | D11: 1 | E11: 0 | F11: 463010 | G11: 463010 | H11: 0 | I11: 0 | J11: 0 | K11: 0 | L11: 7 | M11: 13 | N11: 2 | O11: 9 | P11: 9 | Q11: 11 | R11: 1 | S11: =SUM(I11:R11) -> 52 | T11: =F11/S11 -> 8904.0385
A12: 353870905000069 | B12: PIRACICABA | C12: São Dimas | D12: 1 | E12: 0 | F12: 1475941 | G12: 1475941 | H12: 0 | I12: 0 | J12: 0 | K12: 2 | L12: 10 | M12: 29 | N12: 14 | O12: 30 | P12: 39 | Q12: 42 | R12: 0 | S12: =SUM(I12:R12) -> 166 | T12: =F12/S12 -> 8891.2108
A13: 353870905000571 | B13: PIRACICABA | C13: São Judas | D13: 1 | E13: 0 | F13: 862570 | G13: 862570 | H13: 0 | I13: 0 | J13: 0 | K13: 1 | L13: 2 | M13: 7 | N13: 9 | O13: 26 | P13: 32 | Q13: 24 | R13: 1 | S13: =SUM(I13:R13) -> 102 | T13: =F13/S13 -> 8456.5686
A14: 353870905000097 | B14: PIRACICABA | C14: Nova Piracicaba | D14: 1 | E14: 0 | F14: 2494809 | G14: 2494809 | H14: 0 | I14: 0 | J14: 1 | K14: 6 | L14: 11 | M14: 49 | N14: 55 | O14: 72 | P14: 72 | Q14: 34 | R14: 2 | S14: =SUM(I14:R14) -> 302 | T14: =F14/S14 -> 8260.957
... A659: 353870905000412 | B659: PIRACICABA | C659: Campestre | D659: 2 | E659: 0 | F659: 3140 | G659: 3140 | H659: 0 | I659: 0 | J659: 2 | K659: 3 | L659: 0 | M659: 1 | N659: 0 | O659: 0 | P659: 0 | Q659: 0 | R659: 0 | S659: =SUM(I659:R659) -> 6 | T659: =F659/S659 -> 523.33333

Sheet 2010_consolidado
A1: BAIRRO | B1: SOMA | C1: TOTAL | D1: MpEDIA
A2: Morato | B2: =SUMIFS(Censo_2010!F:F,Censo_2010!C:C,'2010_consolidado'!A2) -> 8515881 | C2: =SUMIFS(Censo_2010!S:S,Censo_2010!C:C,'2010_consolidado'!A2) -> 910 | D2: =B2/C2 -> 9358.111
A3: Cidade Alta | B3: =SUMIFS(Censo_2010!F:F,Censo_2010!C:C,'2010_consolidado'!A3) -> 15291293 | C3: =SUMIFS(Censo_2010!S:S,Censo_2010!C:C,'2010_consolidado'!A3) -> 3655 | D3: =B3/C3 -> 4183.6643
A4: Clube de Campo | B4: =SUMIFS(Censo_2010!F:F,Censo_2010!C:C,'2010_consolidado'!A4) -> 861211 | C4: =SUMIFS(Censo_2010!S:S,Censo_2010!C:C,'2010_consolidado'!A4) -> 207 | D4: =B4/C4 -> 4160.4396
A5: Centro | B5: =SUMIFS(Censo_2010!F:F,Censo_2010!C:C,'2010_consolidado'!A5) -> 27627520 | C5: =SUMIFS(Censo_2010!S:S,Censo_2010!C:C,'2010_consolidado'!A5) -> 5334 | D5: =B5/C5 -> 5179.5126
A6: Cidade Jardim | B6: =SUMIFS(Censo_2010!F:F,Censo_2010!C:C,'2010_consolidado'!A6) -> 2182420 | C6: =SUMIFS(Censo_2010!S:S,Censo_2010!C:C,'2010_consolidado'!A6) -> 274 | D6: =B6/C6 -> 7965.0365
A7: Jardim Elite | B7: =SUMIFS(Censo_2010!F:F,Censo_2010!C:C,'2010_consolidado'!A7) -> 13481680 | C7: =SUMIFS(Censo_2010!S:S,Censo_2010!C:C,'2010_consolidado'!A7) -> 3045 | D7: =B7/C7 -> 4427.4811
A8: São Dimas | B8: =SUMIFS(Censo_2010!F:F,Censo_2010!C:C,'2010_consolidado'!A8) -> 7844852 | C8: =SUMIFS(Censo_2010!S:S,Censo_2010!C:C,'2010_consolidado'!A8) -> 1480 | D8: =B8/C8 -> 5300.5757
A9: São Judas | B9: =SUMIFS(Censo_2010!F:F,Censo_2010!C:C,'2010_consolidado'!A9) -> 2617838 | C9: =SUMIFS(Censo_2010!S:S,Censo_2010!C:C,'2010_consolidado'!A9) -> 338 | D9: =B9/C9 -> 7745.0828
A10: Nova Piracicaba | B10: =SUMIFS(Censo_2010!F:F,Censo_2010!C:C,'2010_consolidado'!A10) -> 13501685 | C10: =SUMIFS(Censo_2010!S:S,Censo_2010!C:C,'2010_consolidado'!A10) -> 2045 | D10: =B10/C10 -> 6602.291
A11: PIRACICABA (demais setores) | B11: =SUMIFS(Censo_2010!F:F,Censo_2010!C:C,'2010_consolidado'!A11) -> 13943664 | C11: =SUMIFS(Censo_2010!S:S,Censo_2010!C:C,'2010_consolidado'!A11) -> 6290 | D11: =B11/C11 -> 2216.7987
A12: Jardim Jupiá | B12: =SUMIFS(Censo_2010!F:F,Censo_2010!C:C,'2010_consolidado'!A12) -> 11330945 | C12: =SUMIFS(Censo_2010!S:S,Censo_2010!C:C,'2010_consolidado'!A12) -> 3298 | D12: =B12/C12 -> 3435.7019
A13: Algodoal | B13: =SUMIFS(Censo_2010!F:F,Censo_2010!C:C,'2010_consolidado'!A13) -> 10605318 | C13: =SUMIFS(Censo_2010!S:S,Censo_2010!C:C,'2010_consolidado'!A13) -> 3420 | D13: =B13/C13 -> 3100.9702
... A64: Água Santa | B64: =SUMIFS(Censo_2010!F:F,Censo_2010!C:C,'2010_consolidado'!A64) -> 37226 | C64: =SUMIFS(Censo_2010!S:S,Censo_2010!C:C,'2010_consolidado'!A64) -> 31 | D64: =B64/C64 -> 1200.8387

Sheet Leg_2010
A1: Variável | B1: Nome Curto (De/Para) | C1: Nome Rótulo IBGE | D1: Descrição Detalhada Oficial IBGE
A2: V001 | B2: Dom_Sem_Renda | C2: Domicílios sem rendimento | D2: Pessoas responsáveis em domicílios particulares permanentes urbanos/rurais sem rendimento nominal mensal
A3: V002 | B3: Rendimento_Total_Setor | C3: Rendimento total do setor | D3: Valor do rendimento nominal mensal das pessoas responsáveis por domicílios particulares permanentes
A4: V003 | B4: Rendimento_Total_DPP | C4: Rendimento total (DPP) | D4: Valor do rendimento nominal mensal das pessoas responsáveis por domicílios particulares permanentes com rendimento
A5: V004 | B5: Rendimento_Total_Improvisado | C5: Rendimento total (Improvisados) | D5: Valor do rendimento nominal mensal das pessoas responsáveis por domicílios particulares improvisados
A6: V005 | B6: Ate_1_8_SM | C6: Até 1/8 SM | D6: Pessoas responsáveis em domicílios particulares permanentes com rendimento nominal mensal de até 1/8 de salário mínimo
A7: V006 | B7: De_1_8_a_1_4_SM | C7: Mais de 1/8 a 1/4 SM | D7: Pessoas responsáveis em domicílios particulares permanentes com rendimento nominal mensal de mais de 1/8 a 1/4 de salário mínimo
A8: V007 | B8: De_1_4_a_1_2_SM | C8: Mais de 1/4 a 1/2 SM | D8: Pessoas responsáveis em domicílios particulares permanentes com rendimento nominal mensal de mais de 1/4 a 1/2 salário mínimo
A9: V008 | B9: De_1_2_a_1_SM | C9: Mais de 1/2 a 1 SM | D9: Pessoas responsáveis em domicílios particulares permanentes com rendimento nominal mensal de mais de 1/2 a 1 salário mínimo
A10: V009 | B10: De_1_a_2_SM | C10: Mais de 1 a 2 SM | D10: Pessoas responsáveis em domicílios particulares permanentes com rendimento nominal mensal de mais de 1 a 2 salários mínimos
A11: V010 | B11: De_2_a_3_SM | C11: Mais de 2 a 3 SM | D11: Pessoas responsáveis em domicílios particulares permanentes com rendimento nominal mensal de mais de 2 a 3 salários mínimos
A12: V011 | B12: De_3_a_5_SM | C12: Mais de 3 a 5 SM | D12: Pessoas responsáveis em domicílios particulares permanentes com rendimento nominal mensal de mais de 3 a 5 salários mínimos
... A15: V014 | B15: Sem_Rendimento_Contagem | C15: Sem rendimento (Contagem) | D15: Pessoas responsáveis em domicílios particulares permanentes sem rendimento nominal mensal

Sheet Censo_2000
A1: Salário Médio | B1: 37.5 | C1: 113.25 | D1: 226.5 | E1: 377.5 | F1: 604 | G1: 1132.5 | H1: 1887.5 | I1: 2642.5 | J1: 3775 | K1: Total | L1: Média | M1: Conversão
A2: Total estimado | B2: =B1*B3 -> 0 | C2: =C1*C3 -> 1132.5 | D2: =D1*D3 -> 5662.5 | E2: =E1*E3 -> 10947.5 | F2: =F1*F3 -> 50736 | G2: =G1*G3 -> 125707.5 | H2: =H1*H3 -> 50962.5 | I2: =I1*I3 -> 36995 | J2: =J1*J3 -> 37750 | K2: =SUM(B2:J2) -> 319893.5 | L2: =K2/K3 -> 1031.9145 | M2: =L2*3.393 -> 3501.286
B3: =SUBTOTAL(9,B5:B66) -> 0 | C3: =SUBTOTAL(9,C5:C66) -> 10 | D3: =SUBTOTAL(9,D5:D66) -> 25 | E3: =SUBTOTAL(9,E5:E66) -> 29 | F3: =SUBTOTAL(9,F5:F66) -> 84 | G3: =SUBTOTAL(9,G5:G66) -> 111 | H3: =SUBTOTAL(9,H5:H66) -> 27 | I3: =SUBTOTAL(9,I5:I66) -> 14 | ... K3: =SUBTOTAL(9,K5:K66) -> 310
A4: Bairro | B4: Até 1/2 salário | C4: Mais de 1/2 a 1 salário | D4: Mais de 1 a 2 salários | E4: Mais de 2 a 3 salários | F4: Mais de 3 a 5 salários | G4: Mais de 5 a 10 salários | H4: Mais de 10 a 15 salários | I4: Mais de 15 a 20 salários | J4: Mais de 20 salários | K4: Total | L4: Média | M4: Conversão
A5: Cidade Jardim | B5: 0 | C5: 6 | D5: 9 | E5: 20 | F5: 34 | G5: 75 | H5: 44 | I5: 62 | J5: 186 | K5: 436 | L5: =((B5*$B$1)+(C5*$C$1)+(D5*$D$1)+(E5*$E$1)+(F5*$F$1)+(G5*$G$1)+(H5*$H$1)+(I5*$I$1)+(J5*$J$1))/K5 -> 2442.1479 | M5: =L5*3.393 -> 8286.2079
A6: Nova Piracicaba | B6: 2 | C6: 42 | D6: 63 | E6: 63 | F6: 204 | G6: 581 | H6: 303 | I6: 308 | J6: 546 | K6: 2112 | L6: =((B6*$B$1)+(C6*$C$1)+(D6*$D$1)+(E6*$E$1)+(F6*$F$1)+(G6*$G$1)+(H6*$H$1)+(I6*$I$1)+(J6*$J$1))/K6 -> 2022.2701 | M6: =L6*3.393 -> 6861.5625
A7: Jardim Elite | B7: 0 | C7: 18 | D7: 47 | E7: 51 | F7: 125 | G7: 435 | H7: 246 | I7: 229 | J7: 333 | K7: 1484 | L7: =((B7*$B$1)+(C7*$C$1)+(D7*$D$1)+(E7*$E$1)+(F7*$F$1)+(G7*$G$1)+(H7*$H$1)+(I7*$I$1)+(J7*$J$1))/K7 -> 1972.1068 | M7: =L7*3.393 -> 6691.3584
A8: Centro | B8: 2 | C8: 153 | D8: 252 | E8: 240 | F8: 605 | G8: 1264 | H8: 619 | I8: 538 | J8: 980 | K8: 4653 | L8: =((B8*$B$1)+(C8*$C$1)+(D8*$D$1)+(E8*$E$1)+(F8*$F$1)+(G8*$G$1)+(H8*$H$1)+(I8*$I$1)+(J8*$J$1))/K8 -> 1773.3737 | M8: =L8*3.393 -> 6017.0569
A9: Clube de Campo | B9: 0 | C9: 16 | D9: 10 | E9: 21 | F9: 30 | G9: 46 | H9: 16 | I9: 13 | J9: 60 | K9: 212 | L9: =((B9*$B$1)+(C9*$C$1)+(D9*$D$1)+(E9*$E$1)+(F9*$F$1)+(G9*$G$1)+(H9*$H$1)+(I9*$I$1)+(J9*$J$1))/K9 -> 1760.717 | M9: =L9*3.393 -> 5974.1127
A10: Jardim Abaeté | B10: 0 | C10: 7 | D10: 8 | E10: 6 | F10: 22 | G10: 53 | H10: 30 | I10: 17 | J10: 30 | K10: 173 | L10: =((B10*$B$1)+(C10*$C$1)+(D10*$D$1)+(E10*$E$1)+(F10*$F$1)+(G10*$G$1)+(H10*$H$1)+(I10*$I$1)+(J10*$J$1))/K10 -> 1693.513 | M10: =L10*3.393 -> 5746.0896
A11: São Judas | B11: 0 | C11: 48 | D11: 94 | E11: 89 | F11: 211 | G11: 314 | H11: 150 | I11: 145 | J11: 240 | K11: 1291 | L11: =((B11*$B$1)+(C11*$C$1)+(D11*$D$1)+(E11*$E$1)+(F11*$F$1)+(G11*$G$1)+(H11*$H$1)+(I11*$I$1)+(J11*$J$1))/K11 -> 1638.7769 | M11: =L11*3.393 -> 5560.3701
A12: Santa Cecília | B12: 0 | C12: 16 | D12: 36 | E12: 35 | F12: 130 | G12: 330 | H12: 122 | I12: 97 | J12: 111 | K12: 877 | L12: =((B12*$B$1)+(C12*$C$1)+(D12*$D$1)+(E12*$E$1)+(F12*$F$1)+(G12*$G$1)+(H12*$H$1)+(I12*$I$1)+(J12*$J$1))/K12 -> 1574.7389 | M12: =L12*3.393 -> 5343.089
A13: São Dimas | B13: 1 | C13: 98 | D13: 132 | E13: 140 | F13: 266 | G13: 403 | H13: 149 | I13: 120 | J13: 320 | K13: 1629 | L13: =((B13*$B$1)+(C13*$C$1)+(D13*$D$1)+(E13*$E$1)+(F13*$F$1)+(G13*$G$1)+(H13*$H$1)+(I13*$I$1)+(J13*$J$1))/K13 -> 1545.2934 | M13: =L13*3.393 -> 5243.1806
A14: Jardim Monumento | B14: 0 | C14: 19 | D14: 35 | E14: 45 | F14: 138 | G14: 389 | H14: 153 | I14: 129 | J14: 99 | K14: 1007 | L14: =((B14*$B$1)+(C14*$C$1)+(D14*$D$1)+(E14*$E$1)+(F14*$F$1)+(G14*$G$1)+(H14*$H$1)+(I14*$I$1)+(J14*$J$1))/K14 -> 1543.5514 | M14: =L14*3.393 -> 5237.2699
A15: Vila Monteiro | B15: 1 | C15: 86 | D15: 150 | E15: 171 | F15: 285 | G15: 581 | H15: 196 | I15: 182 | J15: 269 | K15: 1921 | L15: =((B15*$B$1)+(C15*$C$1)+(D15*$D$1)+(E15*$E$1)+(F15*$F$1)+(G15*$G$1)+(H15*$H$1)+(I15*$I$1)+(J15*$J$1))/K15 -> 1460.0661 | M15: =L15*3.393 -> 4954.0043
A16: Parque da Rua do Porto | B16: 0 | C16: 10 | D16: 19 | E16: 20 | F16: 29 | G16: 59 | H16: 26 | I16: 16 | J16: 27 | K16: 206 | L16: =((B16*$B$1)+(C16*$C$1)+(D16*$D$1)+(E16*$E$1)+(F16*$F$1)+(G16*$G$1)+(H16*$H$1)+(I16*$I$1)+(J16*$J$1))/K16 -> 1410.6772 | M16: =L16*3.393 -> 4786.4277
... A66: São Jorge | B66: 13 | C66: 87 | D66: 216 | E66: 142 | F66: 147 | G66: 61 | H66: 8 | I66: 2 | J66: 2 | K66: 678 | L66: =((B66*$B$1)+(C66*$C$1)+(D66*$D$1)+(E66*$E$1)+(F66*$F$1)+(G66*$G$1)+(H66*$H$1)+(I66*$I$1)+(J66*$J$1))/K66 -> 440.52323 | M66: =L66*3.393 -> 1494.6953

Sheet Compilado
B1: 2000 | C1: 2010 | D1: 2022 | E1: delta 00 - 10 | F1: delta 10 - 22
A2: Unileste | B2: =VLOOKUP(A2,Censo_2000!A:L,12,FALSE) -> 1351.7059 | C2: =VLOOKUP(A2,'2010_consolidado'!A:D,4,FALSE) -> 3195.381 | D2: =VLOOKUP(A2,Censo_2022!C:G,5,FALSE) -> 17049.62 | E2: =(C2-B2)/B2 -> 1.3639616 | F2: =(D2-C2)/C2 -> 4.3357081
A3: Morato | B3: =VLOOKUP(A3,Censo_2000!A:L,12,FALSE) -> 912.98524 | C3: =VLOOKUP(A3,'2010_consolidado'!A:D,4,FALSE) -> 9358.111 | D3: =VLOOKUP(A3,Censo_2022!C:G,5,FALSE) -> 14384.62 | E3: =(C3-B3)/B3 -> 9.2500135 | F3: =(D3-C3)/C3 -> 0.5371286
A4: Monte Alegre | B4: =VLOOKUP(A4,Censo_2000!A:L,12,FALSE) -> 889.64167 | C4: =VLOOKUP(A4,'2010_consolidado'!A:D,4,FALSE) -> 5492.0465 | D4: =VLOOKUP(A4,Censo_2022!C:G,5,FALSE) -> 12007.46 | E4: =(C4-B4)/B4 -> 5.1733243 | F4: =(D4-C4)/C4 -> 1.1863362
A5: Santa Rosa | B5: =VLOOKUP(A5,Censo_2000!A:L,12,FALSE) -> 742.08667 | C5: =VLOOKUP(A5,'2010_consolidado'!A:D,4,FALSE) -> 2477.1262 | D5: =VLOOKUP(A5,Censo_2022!C:G,5,FALSE) -> 8287.93 | E5: =(C5-B5)/B5 -> 2.3380551 | F5: =(D5-C5)/C5 -> 2.3457843
A6: Cidade Jardim | B6: =VLOOKUP(A6,Censo_2000!A:L,12,FALSE) -> 2442.1479 | C6: =VLOOKUP(A6,'2010_consolidado'!A:D,4,FALSE) -> 7965.0365 | D6: =VLOOKUP(A6,Censo_2022!C:G,5,FALSE) -> 8248.31 | E6: =(C6-B6)/B6 -> 2.2614881 | F6: =(D6-C6)/C6 -> 0.035564621
A7: Nova Piracicaba | B7: =VLOOKUP(A7,Censo_2000!A:L,12,FALSE) -> 2022.2701 | C7: =VLOOKUP(A7,'2010_consolidado'!A:D,4,FALSE) -> 6602.291 | D7: =VLOOKUP(A7,Censo_2022!C:G,5,FALSE) -> 8008.18 | E7: =(C7-B7)/B7 -> 2.2647918 | F7: =(D7-C7)/C7 -> 0.21293958
A8: Centro | B8: =VLOOKUP(A8,Censo_2000!A:L,12,FALSE) -> 1773.3737 | C8: =VLOOKUP(A8,'2010_consolidado'!A:D,4,FALSE) -> 5179.5126 | D8: =VLOOKUP(A8,Censo_2022!C:G,5,FALSE) -> 7281.06 | E8: =(C8-B8)/B8 -> 1.9207113 | F8: =(D8-C8)/C8 -> 0.40574232
A9: Jardim Elite | B9: =VLOOKUP(A9,Censo_2000!A:L,12,FALSE) -> 1972.1068 | C9: =VLOOKUP(A9,'2010_consolidado'!A:D,4,FALSE) -> 4427.4811 | D9: =VLOOKUP(A9,Censo_2022!C:G,5,FALSE) -> 7081.17 | E9: =(C9-B9)/B9 -> 1.2450514 | F9: =(D9-C9)/C9 -> 0.59936763
A10: São Dimas | B10: =VLOOKUP(A10,Censo_2000!A:L,12,FALSE) -> 1545.2934 | C10: =VLOOKUP(A10,'2010_consolidado'!A:D,4,FALSE) -> 5300.5757 | D10: =VLOOKUP(A10,Censo_2022!C:G,5,FALSE) -> 6809.11 | E10: =(C10-B10)/B10 -> 2.4301419 | F10: =(D10-C10)/C10 -> 0.28459821
A11: São Judas | B11: =VLOOKUP(A11,Censo_2000!A:L,12,FALSE) -> 1638.7769 | C11: =VLOOKUP(A11,'2010_consolidado'!A:D,4,FALSE) -> 7745.0828 | D11: =VLOOKUP(A11,Censo_2022!C:G,5,FALSE) -> 6608.51 | E11: =(C11-B11)/B11 -> 3.7261362 | F11: =(D11-C11)/C11 -> -0.14674767
A12: Taquaral | B12: =VLOOKUP(A12,Censo_2000!A:L,12,FALSE) -> 862.47647 | C12: =VLOOKUP(A12,'2010_consolidado'!A:D,4,FALSE) -> #N/A | D12: =VLOOKUP(A12,Censo_2022!C:G,5,FALSE) -> 6546.64 | E12: =(C12-B12)/B12 -> #N/A | F12: =(D12-C12)/C12 -> #N/A
A13: Jardim Abaeté | B13: =VLOOKUP(A13,Censo_2000!A:L,12,FALSE) -> 1693.513 | C13: =VLOOKUP(A13,'2010_consolidado'!A:D,4,FALSE) -> 5699.8238 | D13: =VLOOKUP(A13,Censo_2022!C:G,5,FALSE) -> 6404.5 | E13: =(C13-B13)/B13 -> 2.3656806 | F13: =(D13-C13)/C13 -> 0.12363122
... A68: Cidade Judiciária | B68: =VLOOKUP(A68,Censo_2000!A:L,12,FALSE) -> #N/A | C68: =VLOOKUP(A68,'2010_consolidado'!A:D,4,FALSE) -> #N/A | D68: =VLOOKUP(A68,Censo_2022!C:G,5,FALSE) -> 1670.5 | E68: =(C68-B68)/B68 -> #N/A | F68: =(D68-C68)/C68 -> #N/A
